2020 CIP Code,2020 CIP Title,O*NET-SOC 2019 Code,O*NET-SOC 2019 Title
3.0103,Environmental Studies,13-1041.00,Compliance Officers
3.0103,Environmental Studies,13-1041.01,Environmental Compliance Inspectors
3.0103,Environmental Studies,13-1041.03,Equal Opportunity Representatives and Officers
3.0103,Environmental Studies,13-1041.04,Government Property Inspectors and Investigators
3.0103,Environmental Studies,13-1041.07,Regulatory Affairs Specialists
3.0103,Environmental Studies,13-1041.08,Customs Brokers
3.0103,Environmental Studies,19-2041.00,"Environmental Scientists and Specialists, Including Health"
3.0103,Environmental Studies,19-2041.01,Climate Change Policy Analysts
3.0103,Environmental Studies,19-2041.02,Environmental Restoration Planners
3.0103,Environmental Studies,19-2041.03,Industrial Ecologists
3.0103,Environmental Studies,25-1053.00,"Environmental Science Teachers, Postsecondary"
3.0104,Environmental Science,13-1041.00,Compliance Officers
3.0104,Environmental Science,13-1041.01,Environmental Compliance Inspectors
3.0104,Environmental Science,13-1041.04,Government Property Inspectors and Investigators
3.0104,Environmental Science,13-1041.06,Coroners
3.0104,Environmental Science,13-1041.07,Regulatory Affairs Specialists
3.0104,Environmental Science,19-2041.00,"Environmental Scientists and Specialists, Including Health"
3.0104,Environmental Science,19-2041.01,Climate Change Policy Analysts
3.0104,Environmental Science,19-2041.02,Environmental Restoration Planners
3.0104,Environmental Science,19-2041.03,Industrial Ecologists
3.0104,Environmental Science,19-4042.00,"Environmental Science and Protection Technicians, Including Health"
3.0104,Environmental Science,19-4071.00,Forest and Conservation Technicians
3.0104,Environmental Science,25-1053.00,"Environmental Science Teachers, Postsecondary"
5.0105,"Russian, Central European, East European and Eurasian Studies",25-1062.00,"Area, Ethnic, and Cultural Studies Teachers, Postsecondary"
5.0199,"Area Studies, Other",25-1062.00,"Area, Ethnic, and Cultural Studies Teachers, Postsecondary"
9.01,"Communication, General",11-2032.00,Public Relations Managers
9.01,"Communication, General",11-2033.00,Fundraising Managers
9.01,"Communication, General",13-1131.00,Fundraisers
9.01,"Communication, General",25-1122.00,"Communications Teachers, Postsecondary"
9.01,"Communication, General",27-3011.00,Broadcast Announcers and Radio Disc Jockeys
9.01,"Communication, General",27-3023.00,"News Analysts, Reporters, and Journalists"
9.01,"Communication, General",27-3031.00,Public Relations Specialists
9.01,"Communication, General",27-3041.00,Editors
9.01,"Communication, General",27-3043.00,Writers and Authors
9.01,"Communication, General",27-3043.05,"Poets, Lyricists and Creative Writers"
9.0702,Digital Communication and Media/Multimedia,11-9199.00,"Managers, All Other"
9.0702,Digital Communication and Media/Multimedia,11-9199.01,Regulatory Affairs Managers
9.0702,Digital Communication and Media/Multimedia,11-9199.02,Compliance Managers
9.0702,Digital Communication and Media/Multimedia,11-9199.08,Loss Prevention Managers
9.0702,Digital Communication and Media/Multimedia,11-9199.10,Wind Energy Development Managers
9.0702,Digital Communication and Media/Multimedia,15-1255.00,Web and Digital Interface Designers
9.0702,Digital Communication and Media/Multimedia,15-1255.01,Video Game Designers
9.0702,Digital Communication and Media/Multimedia,25-1122.00,"Communications Teachers, Postsecondary"
9.0702,Digital Communication and Media/Multimedia,27-3099.00,"Media and Communication Workers, All Other"
11.0102,Artificial Intelligence,15-1221.00,Computer and Information Research Scientists
11.0102,Artificial Intelligence,15-1252.00,Software Developers
11.0102,Artificial Intelligence,15-2051.00,Data Scientists
11.0102,Artificial Intelligence,15-2051.01,Business Intelligence Analysts
11.0102,Artificial Intelligence,15-2051.02,Clinical Data Managers
11.0102,Artificial Intelligence,25-1021.00,"Computer Science Teachers, Postsecondary"
11.0701,Computer Science,11-3021.00,Computer and Information Systems Managers
11.0701,Computer Science,15-1212.00,Information Security Analysts
11.0701,Computer Science,15-1221.00,Computer and Information Research Scientists
11.0701,Computer Science,15-1231.00,Computer Network Support Specialists
11.0701,Computer Science,15-1243.00,Database Architects
11.0701,Computer Science,15-1243.01,Data Warehousing Specialists
11.0701,Computer Science,15-1251.00,Computer Programmers
11.0701,Computer Science,15-1252.00,Software Developers
11.0701,Computer Science,15-1253.00,Software Quality Assurance Analysts and Testers
11.0701,Computer Science,15-1254.00,Web Developers
11.0701,Computer Science,15-1255.00,Web and Digital Interface Designers
11.0701,Computer Science,15-1255.01,Video Game Designers
11.0701,Computer Science,15-1299.00,"Computer Occupations, All Other"
11.0701,Computer Science,15-1299.01,Web Administrators
11.0701,Computer Science,15-1299.02,Geographic Information Systems Technologists and Technicians
11.0701,Computer Science,15-1299.03,Document Management Specialists
11.0701,Computer Science,15-1299.04,Penetration Testers
11.0701,Computer Science,15-1299.05,Information Security Engineers
11.0701,Computer Science,15-1299.06,Digital Forensics Analysts
11.0701,Computer Science,15-1299.07,Blockchain Engineers
11.0701,Computer Science,15-1299.08,Computer Systems Engineers/Architects
11.0701,Computer Science,15-1299.09,Information Technology Project Managers
11.0701,Computer Science,15-2051.00,Data Scientists
11.0701,Computer Science,15-2051.01,Business Intelligence Analysts
11.0701,Computer Science,15-2051.02,Clinical Data Managers
11.0701,Computer Science,25-1021.00,"Computer Science Teachers, Postsecondary"
11.1003,Computer and Information Systems Security/Auditing/Information Assurance,11-3021.00,Computer and Information Systems Managers
11.1003,Computer and Information Systems Security/Auditing/Information Assurance,15-1212.00,Information Security Analysts
11.1003,Computer and Information Systems Security/Auditing/Information Assurance,15-1231.00,Computer Network Support Specialists
11.1003,Computer and Information Systems Security/Auditing/Information Assurance,15-1241.00,Computer Network Architects
11.1003,Computer and Information Systems Security/Auditing/Information Assurance,15-1241.01,Telecommunications Engineering Specialists
11.1003,Computer and Information Systems Security/Auditing/Information Assurance,15-1242.00,Database Administrators
11.1003,Computer and Information Systems Security/Auditing/Information Assurance,15-1243.00,Database Architects
11.1003,Computer and Information Systems Security/Auditing/Information Assurance,15-1243.01,Data Warehousing Specialists
11.1003,Computer and Information Systems Security/Auditing/Information Assurance,15-1244.00,Network and Computer Systems Administrators
13.1202,Elementary Education and Teaching,25-1081.00,"Education Teachers, Postsecondary"
13.1202,Elementary Education and Teaching,25-2021.00,"Elementary School Teachers, Except Special Education"
13.1312,Music Teacher Education,25-1081.00,"Education Teachers, Postsecondary"
13.1312,Music Teacher Education,25-1121.00,"Art, Drama, and Music Teachers, Postsecondary"
13.1312,Music Teacher Education,25-2022.00,"Middle School Teachers, Except Special and Career/Technical Education"
13.1312,Music Teacher Education,25-2031.00,"Secondary School Teachers, Except Special and Career/Technical Education"
16.0101,"Foreign Languages and Literatures, General",25-1124.00,"Foreign Language and Literature Teachers, Postsecondary"
16.0101,"Foreign Languages and Literatures, General",25-2031.00,"Secondary School Teachers, Except Special and Career/Technical Education"
16.0101,"Foreign Languages and Literatures, General",27-3091.00,Interpreters and Translators
23.0101,"English Language and Literature, General",25-1123.00,"English Language and Literature Teachers, Postsecondary"
23.0101,"English Language and Literature, General",25-2031.00,"Secondary School Teachers, Except Special and Career/Technical Education"
23.0101,"English Language and Literature, General",43-9081.00,Proofreaders and Copy Markers
26.0101,"Biology/Biological Sciences, General",11-9121.00,Natural Sciences Managers
26.0101,"Biology/Biological Sciences, General",11-9121.01,Clinical Research Coordinators
26.0101,"Biology/Biological Sciences, General",11-9121.02,Water Resource Specialists
26.0101,"Biology/Biological Sciences, General",19-1029.00,"Biological Scientists, All Other"
26.0101,"Biology/Biological Sciences, General",19-1029.01,Bioinformatics Scientists
26.0101,"Biology/Biological Sciences, General",19-1029.02,Molecular and Cellular Biologists
26.0101,"Biology/Biological Sciences, General",19-1029.03,Geneticists
26.0101,"Biology/Biological Sciences, General",19-1029.04,Biologists
26.0101,"Biology/Biological Sciences, General",19-1099.00,"Life Scientists, All Other"
26.0101,"Biology/Biological Sciences, General",19-4012.00,Agricultural Technicians
26.0101,"Biology/Biological Sciences, General",19-4012.01,Precision Agriculture Technicians
26.0101,"Biology/Biological Sciences, General",19-4013.00,Food Science Technicians
26.0101,"Biology/Biological Sciences, General",19-4021.00,Biological Technicians
26.0101,"Biology/Biological Sciences, General",19-4092.00,Forensic Science Technicians
26.0101,"Biology/Biological Sciences, General",25-1042.00,"Biological Science Teachers, Postsecondary"
26.0101,"Biology/Biological Sciences, General",25-2031.00,"Secondary School Teachers, Except Special and Career/Technical Education"
26.0202,Biochemistry,11-9121.00,Natural Sciences Managers
26.0202,Biochemistry,11-9121.01,Clinical Research Coordinators
26.0202,Biochemistry,11-9121.02,Water Resource Specialists
26.0202,Biochemistry,19-1021.00,Biochemists and Biophysicists
26.0202,Biochemistry,19-1042.00,"Medical Scientists, Except Epidemiologists"
26.0202,Biochemistry,19-4013.00,Food Science Technicians
26.0202,Biochemistry,19-4021.00,Biological Technicians
26.0202,Biochemistry,25-1042.00,"Biological Science Teachers, Postsecondary"
26.0406,Cell/Cellular and Molecular Biology,11-9121.00,Natural Sciences Managers
26.0406,Cell/Cellular and Molecular Biology,11-9121.01,Clinical Research Coordinators
26.0406,Cell/Cellular and Molecular Biology,11-9121.02,Water Resource Specialists
26.0406,Cell/Cellular and Molecular Biology,19-1029.00,"Biological Scientists, All Other"
26.0406,Cell/Cellular and Molecular Biology,19-1029.01,Bioinformatics Scientists
26.0406,Cell/Cellular and Molecular Biology,19-1029.02,Molecular and Cellular Biologists
26.0406,Cell/Cellular and Molecular Biology,19-1029.03,Geneticists
26.0406,Cell/Cellular and Molecular Biology,19-1029.04,Biologists
26.0406,Cell/Cellular and Molecular Biology,19-1042.00,"Medical Scientists, Except Epidemiologists"
26.0406,Cell/Cellular and Molecular Biology,19-4021.00,Biological Technicians
26.0406,Cell/Cellular and Molecular Biology,25-1042.00,"Biological Science Teachers, Postsecondary"
26.1304,Aquatic Biology/Limnology,19-1029.00,"Biological Scientists, All Other"
26.1304,Aquatic Biology/Limnology,19-1029.01,Bioinformatics Scientists
26.1304,Aquatic Biology/Limnology,19-1029.02,Molecular and Cellular Biologists
26.1304,Aquatic Biology/Limnology,19-1029.03,Geneticists
26.1304,Aquatic Biology/Limnology,19-1029.04,Biologists
26.1304,Aquatic Biology/Limnology,19-4021.00,Biological Technicians
26.1304,Aquatic Biology/Limnology,25-1042.00,"Biological Science Teachers, Postsecondary"
27.0101,"Mathematics, General",11-9121.00,Natural Sciences Managers
27.0101,"Mathematics, General",11-9121.01,Clinical Research Coordinators
27.0101,"Mathematics, General",11-9121.02,Water Resource Specialists
27.0101,"Mathematics, General",15-2021.00,Mathematicians
27.0101,"Mathematics, General",15-2041.00,Statisticians
27.0101,"Mathematics, General",15-2041.01,Biostatisticians
27.0101,"Mathematics, General",15-2051.00,Data Scientists
27.0101,"Mathematics, General",15-2051.01,Business Intelligence Analysts
27.0101,"Mathematics, General",15-2051.02,Clinical Data Managers
27.0101,"Mathematics, General",15-2099.00,"Mathematical Science Occupations, All Other"
27.0101,"Mathematics, General",15-2099.01,Bioinformatics Technicians
27.0101,"Mathematics, General",25-1022.00,"Mathematical Science Teachers, Postsecondary"
27.0101,"Mathematics, General",25-2031.00,"Secondary School Teachers, Except Special and Career/Technical Education"
27.0301,"Applied Mathematics, General",11-9121.00,Natural Sciences Managers
27.0301,"Applied Mathematics, General",11-9121.01,Clinical Research Coordinators
27.0301,"Applied Mathematics, General",11-9121.02,Water Resource Specialists
27.0301,"Applied Mathematics, General",15-2011.00,Actuaries
27.0301,"Applied Mathematics, General",15-2021.00,Mathematicians
27.0301,"Applied Mathematics, General",15-2041.00,Statisticians
27.0301,"Applied Mathematics, General",15-2041.01,Biostatisticians
27.0301,"Applied Mathematics, General",15-2051.00,Data Scientists
27.0301,"Applied Mathematics, General",15-2051.01,Business Intelligence Analysts
27.0301,"Applied Mathematics, General",15-2051.02,Clinical Data Managers
27.0301,"Applied Mathematics, General",15-2099.00,"Mathematical Science Occupations, All Other"
27.0301,"Applied Mathematics, General",15-2099.01,Bioinformatics Technicians
27.0301,"Applied Mathematics, General",25-1022.00,"Mathematical Science Teachers, Postsecondary"
30.1401,Museology/Museum Studies,25-1199.00,"Postsecondary Teachers, All Other"
30.1401,Museology/Museum Studies,25-4011.00,Archivists
30.1401,Museology/Museum Studies,25-4012.00,Curators
30.1401,Museology/Museum Studies,25-4013.00,Museum Technicians and Conservators
30.7102,Business Analytics,13-1111.00,Management Analysts
30.7102,Business Analytics,13-1161.00,Market Research Analysts and Marketing Specialists
30.7102,Business Analytics,13-1161.01,Search Marketing Strategists
30.7102,Business Analytics,15-2041.00,Statisticians
30.7102,Business Analytics,15-2041.01,Biostatisticians
30.7102,Business Analytics,15-2051.00,Data Scientists
30.7102,Business Analytics,15-2051.01,Business Intelligence Analysts
30.7102,Business Analytics,15-2051.02,Clinical Data Managers
38.0101,Philosophy,25-1126.00,"Philosophy and Religion Teachers, Postsecondary"
38.0201,Religion/Religious Studies,25-1126.00,"Philosophy and Religion Teachers, Postsecondary"
40.0501,"Chemistry, General",11-9121.00,Natural Sciences Managers
40.0501,"Chemistry, General",11-9121.01,Clinical Research Coordinators
40.0501,"Chemistry, General",11-9121.02,Water Resource Specialists
40.0501,"Chemistry, General",19-2031.00,Chemists
40.0501,"Chemistry, General",19-4013.00,Food Science Technicians
40.0501,"Chemistry, General",19-4031.00,Chemical Technicians
40.0501,"Chemistry, General",19-4092.00,Forensic Science Technicians
40.0501,"Chemistry, General",25-1052.00,"Chemistry Teachers, Postsecondary"
40.0501,"Chemistry, General",25-2031.00,"Secondary School Teachers, Except Special and Career/Technical Education"
40.0801,"Physics, General",11-9121.00,Natural Sciences Managers
40.0801,"Physics, General",11-9121.01,Clinical Research Coordinators
40.0801,"Physics, General",11-9121.02,Water Resource Specialists
40.0801,"Physics, General",19-2012.00,Physicists
40.0801,"Physics, General",25-1054.00,"Physics Teachers, Postsecondary"
40.0801,"Physics, General",25-2031.00,"Secondary School Teachers, Except Special and Career/Technical Education"
42.0101,"Psychology, General",11-9199.00,"Managers, All Other"
42.0101,"Psychology, General",11-9199.08,Loss Prevention Managers
42.0101,"Psychology, General",19-3032.00,Industrial-Organizational Psychologists
42.0101,"Psychology, General",19-3033.00,Clinical and Counseling Psychologists
42.0101,"Psychology, General",19-3039.00,"Psychologists, All Other"
42.0101,"Psychology, General",19-3039.02,Neuropsychologists
42.0101,"Psychology, General",19-3039.03,Clinical Neuropsychologists
42.0101,"Psychology, General",19-4061.00,Social Science Research Assistants
42.0101,"Psychology, General",25-1066.00,"Psychology Teachers, Postsecondary"
43.0403,Cyber/Computer Forensics and Counterterrorism,15-1212.00,Information Security Analysts
43.0403,Cyber/Computer Forensics and Counterterrorism,15-1299.00,"Computer Occupations, All Other"
43.0403,Cyber/Computer Forensics and Counterterrorism,15-1299.01,Web Administrators
43.0403,Cyber/Computer Forensics and Counterterrorism,15-1299.02,Geographic Information Systems Technologists and Technicians
43.0403,Cyber/Computer Forensics and Counterterrorism,15-1299.03,Document Management Specialists
43.0403,Cyber/Computer Forensics and Counterterrorism,15-1299.04,Penetration Testers
43.0403,Cyber/Computer Forensics and Counterterrorism,15-1299.05,Information Security Engineers
43.0403,Cyber/Computer Forensics and Counterterrorism,15-1299.06,Digital Forensics Analysts
43.0403,Cyber/Computer Forensics and Counterterrorism,15-1299.07,Blockchain Engineers
43.0403,Cyber/Computer Forensics and Counterterrorism,15-1299.08,Computer Systems Engineers/Architects
43.0403,Cyber/Computer Forensics and Counterterrorism,15-1299.09,Information Technology Project Managers
43.0403,Cyber/Computer Forensics and Counterterrorism,25-1111.00,"Criminal Justice and Law Enforcement Teachers, Postsecondary"
43.0403,Cyber/Computer Forensics and Counterterrorism,33-3021.00,Detectives and Criminal Investigators
43.0403,Cyber/Computer Forensics and Counterterrorism,33-3021.02,Police Identification and Records Officers
43.0403,Cyber/Computer Forensics and Counterterrorism,33-3021.06,Intelligence Analysts
43.0403,Cyber/Computer Forensics and Counterterrorism,33-9021.00,Private Detectives and Investigators
44.0401,Public Administration,11-1011.00,Chief Executives
44.0401,Public Administration,11-1011.03,Chief Sustainability Officers
44.0401,Public Administration,11-1021.00,General and Operations Managers
44.0401,Public Administration,11-1031.00,Legislators
44.0401,Public Administration,11-3071.00,"Transportation, Storage, and Distribution Managers"
44.0401,Public Administration,11-3071.04,Supply Chain Managers
44.0401,Public Administration,11-9131.00,Postmasters and Mail Superintendents
44.0401,Public Administration,11-9151.00,Social and Community Service Managers
44.0401,Public Administration,11-9199.00,"Managers, All Other"
44.0401,Public Administration,11-9199.01,Regulatory Affairs Managers
44.0401,Public Administration,11-9199.02,Compliance Managers
44.0401,Public Administration,11-9199.08,Loss Prevention Managers
44.0401,Public Administration,11-9199.09,Wind Energy Operations Managers
44.0401,Public Administration,11-9199.10,Wind Energy Development Managers
44.0401,Public Administration,11-9199.11,Brownfield Redevelopment Specialists and Site Managers
45.0101,"Social Sciences, General",11-9199.00,"Managers, All Other"
45.0101,"Social Sciences, General",11-9199.01,Regulatory Affairs Managers
45.0101,"Social Sciences, General",11-9199.02,Compliance Managers
45.0101,"Social Sciences, General",11-9199.08,Loss Prevention Managers
45.0101,"Social Sciences, General",11-9199.10,Wind Energy Development Managers
45.0101,"Social Sciences, General",11-9199.11,Brownfield Redevelopment Specialists and Site Managers
45.0101,"Social Sciences, General",19-3099.00,"Social Scientists and Related Workers, All Other"
45.0101,"Social Sciences, General",19-3099.01,Transportation Planners
45.0101,"Social Sciences, General",19-4061.00,Social Science Research Assistants
45.0101,"Social Sciences, General",25-1069.00,"Social Sciences Teachers, Postsecondary, All Other"
45.0101,"Social Sciences, General",25-2031.00,"Secondary School Teachers, Except Special and Career/Technical Education"
45.0601,"Economics, General",11-9199.00,"Managers, All Other"
45.0601,"Economics, General",11-9199.01,Regulatory Affairs Managers
45.0601,"Economics, General",11-9199.02,Compliance Managers
45.0601,"Economics, General",11-9199.08,Loss Prevention Managers
45.0601,"Economics, General",11-9199.09,Wind Energy Operations Managers
45.0601,"Economics, General",11-9199.10,Wind Energy Development Managers
45.0601,"Economics, General",11-9199.11,Brownfield Redevelopment Specialists and Site Managers
45.0601,"Economics, General",19-3011.00,Economists
45.0601,"Economics, General",19-3011.01,Environmental Economists
45.0601,"Economics, General",19-3022.00,Survey Researchers
45.0601,"Economics, General",19-4061.00,Social Science Research Assistants
45.0601,"Economics, General",25-1063.00,"Economics Teachers, Postsecondary"
45.0601,"Economics, General",25-2031.00,"Secondary School Teachers, Except Special and Career/Technical Education"
45.0604,Development Economics and International Development,11-9199.00,"Managers, All Other"
45.0604,Development Economics and International Development,11-9199.01,Regulatory Affairs Managers
45.0604,Development Economics and International Development,11-9199.02,Compliance Managers
45.0604,Development Economics and International Development,11-9199.08,Loss Prevention Managers
45.0604,Development Economics and International Development,11-9199.09,Wind Energy Operations Managers
45.0604,Development Economics and International Development,11-9199.10,Wind Energy Development Managers
45.0604,Development Economics and International Development,11-9199.11,Brownfield Redevelopment Specialists and Site Managers
45.0604,Development Economics and International Development,19-3011.00,Economists
45.0604,Development Economics and International Development,19-3011.01,Environmental Economists
45.0604,Development Economics and International Development,19-4061.00,Social Science Research Assistants
45.0604,Development Economics and International Development,25-1063.00,"Economics Teachers, Postsecondary"
45.0901,International Relations and Affairs,11-9199.00,"Managers, All Other"
45.0901,International Relations and Affairs,11-9199.01,Regulatory Affairs Managers
45.0901,International Relations and Affairs,11-9199.02,Compliance Managers
45.0901,International Relations and Affairs,11-9199.08,Loss Prevention Managers
45.0901,International Relations and Affairs,11-9199.11,Brownfield Redevelopment Specialists and Site Managers
45.0901,International Relations and Affairs,19-3094.00,Political Scientists
45.0901,International Relations and Affairs,25-1065.00,"Political Science Teachers, Postsecondary"
45.1001,"Political Science and Government, General",11-9199.00,"Managers, All Other"
45.1001,"Political Science and Government, General",11-9199.01,Regulatory Affairs Managers
45.1001,"Political Science and Government, General",11-9199.02,Compliance Managers
45.1001,"Political Science and Government, General",11-9199.08,Loss Prevention Managers
45.1001,"Political Science and Government, General",11-9199.10,Wind Energy Development Managers
45.1001,"Political Science and Government, General",11-9199.11,Brownfield Redevelopment Specialists and Site Managers
45.1001,"Political Science and Government, General",19-3094.00,Political Scientists
45.1001,"Political Science and Government, General",19-4061.00,Social Science Research Assistants
45.1001,"Political Science and Government, General",25-1065.00,"Political Science Teachers, Postsecondary"
45.1001,"Political Science and Government, General",25-2031.00,"Secondary School Teachers, Except Special and Career/Technical Education"
45.1101,"Sociology, General",11-9199.00,"Managers, All Other"
45.1101,"Sociology, General",11-9199.01,Regulatory Affairs Managers
45.1101,"Sociology, General",11-9199.02,Compliance Managers
45.1101,"Sociology, General",11-9199.08,Loss Prevention Managers
45.1101,"Sociology, General",11-9199.09,Wind Energy Operations Managers
45.1101,"Sociology, General",11-9199.10,Wind Energy Development Managers
45.1101,"Sociology, General",11-9199.11,Brownfield Redevelopment Specialists and Site Managers
45.1101,"Sociology, General",19-3041.00,Sociologists
45.1101,"Sociology, General",19-4061.00,Social Science Research Assistants
45.1101,"Sociology, General",25-1067.00,"Sociology Teachers, Postsecondary"
50.0102,Digital Arts,25-1121.00,"Art, Drama, and Music Teachers, Postsecondary"
50.0102,Digital Arts,27-1011.00,Art Directors
50.0102,Digital Arts,27-1014.00,Special Effects Artists and Animators
50.0102,Digital Arts,27-1019.00,"Artists and Related Workers, All Other"
50.0102,Digital Arts,27-1024.00,Graphic Designers
50.0102,Digital Arts,27-4021.00,Photographers
50.0501,"Drama and Dramatics/Theatre Arts, General",25-1121.00,"Art, Drama, and Music Teachers, Postsecondary"
50.0501,"Drama and Dramatics/Theatre Arts, General",27-2011.00,Actors
50.0501,"Drama and Dramatics/Theatre Arts, General",27-2012.00,Producers and Directors
50.0501,"Drama and Dramatics/Theatre Arts, General",27-2012.03,Media Programming Directors
50.0501,"Drama and Dramatics/Theatre Arts, General",27-2012.04,Talent Directors
50.0501,"Drama and Dramatics/Theatre Arts, General",27-2012.05,Media Technical Directors/Managers
50.0501,"Drama and Dramatics/Theatre Arts, General",27-2099.00,"Entertainers and Performers, Sports and Related Workers, All Other"
50.0702,"Fine/Studio Arts, General",25-1121.00,"Art, Drama, and Music Teachers, Postsecondary"
50.0702,"Fine/Studio Arts, General",27-1013.00,"Fine Artists, Including Painters, Sculptors, and Illustrators"
50.0702,"Fine/Studio Arts, General",27-1019.00,"Artists and Related Workers, All Other"
50.0901,"Music, General",25-2031.00,"Secondary School Teachers, Except Special and Career/Technical Education"
50.0901,"Music, General",27-2042.00,Musicians and Singers
50.0903,"Music Performance, General",25-1121.00,"Art, Drama, and Music Teachers, Postsecondary"
50.0903,"Music Performance, General",27-2041.00,Music Directors and Composers
50.0903,"Music Performance, General",27-2042.00,Musicians and Singers
50.0904,Music Theory and Composition,25-1121.00,"Art, Drama, and Music Teachers, Postsecondary"
50.0904,Music Theory and Composition,27-2041.00,Music Directors and Composers
50.1003,Music Management,25-1121.00,"Art, Drama, and Music Teachers, Postsecondary"
50.1003,Music Management,27-2041.00,Music Directors and Composers
51.0001,"Health and Wellness, General",21-1091.00,Health Education Specialists
51.0001,"Health and Wellness, General",21-1094.00,Community Health Workers
51.2201,"Public Health, General",11-9111.00,Medical and Health Services Managers
51.2201,"Public Health, General",21-1091.00,Health Education Specialists
51.2201,"Public Health, General",21-1094.00,Community Health Workers
51.2201,"Public Health, General",25-1071.00,"Health Specialties Teachers, Postsecondary"
52.0101,"Business/Commerce, General",11-1011.00,Chief Executives
52.0101,"Business/Commerce, General",11-1011.03,Chief Sustainability Officers
52.0101,"Business/Commerce, General",11-1021.00,General and Operations Managers
52.0101,"Business/Commerce, General",11-2022.00,Sales Managers
52.0101,"Business/Commerce, General",11-3012.00,Administrative Services Managers
52.0101,"Business/Commerce, General",11-3013.00,Facilities Managers
52.0101,"Business/Commerce, General",11-3013.01,Security Managers
52.0101,"Business/Commerce, General",11-3051.00,Industrial Production Managers
52.0101,"Business/Commerce, General",11-3051.01,Quality Control Systems Managers
52.0101,"Business/Commerce, General",11-3051.02,Geothermal Production Managers
52.0101,"Business/Commerce, General",11-3051.03,Biofuels Production Managers
52.0101,"Business/Commerce, General",11-3051.04,Biomass Power Plant Managers
52.0101,"Business/Commerce, General",11-3051.06,Hydroelectric Production Managers
52.0101,"Business/Commerce, General",11-3071.00,"Transportation, Storage, and Distribution Managers"
52.0101,"Business/Commerce, General",11-3071.04,Supply Chain Managers
52.0101,"Business/Commerce, General",11-9021.00,Construction Managers
52.0101,"Business/Commerce, General",11-9072.00,"Entertainment and Recreation Managers, Except Gambling"
52.0101,"Business/Commerce, General",11-9151.00,Social and Community Service Managers
52.0101,"Business/Commerce, General",11-9179.00,"Personal Service Managers, All Other"
52.0101,"Business/Commerce, General",11-9179.01,Fitness and Wellness Coordinators
52.0101,"Business/Commerce, General",11-9179.02,Spa Managers
52.0101,"Business/Commerce, General",11-9199.00,"Managers, All Other"
52.0101,"Business/Commerce, General",11-9199.01,Regulatory Affairs Managers
52.0101,"Business/Commerce, General",11-9199.02,Compliance Managers
52.0101,"Business/Commerce, General",11-9199.08,Loss Prevention Managers
52.0101,"Business/Commerce, General",11-9199.09,Wind Energy Operations Managers
52.0101,"Business/Commerce, General",11-9199.10,Wind Energy Development Managers
52.0101,"Business/Commerce, General",11-9199.11,Brownfield Redevelopment Specialists and Site Managers
52.0101,"Business/Commerce, General",13-1051.00,Cost Estimators
52.0101,"Business/Commerce, General",13-1082.00,Project Management Specialists
52.0101,"Business/Commerce, General",13-1111.00,Management Analysts
52.0101,"Business/Commerce, General",13-2022.00,Appraisers of Personal and Business Property
52.0101,"Business/Commerce, General",25-1011.00,"Business Teachers, Postsecondary"
52.0201,"Business Administration and Management, General",11-1011.00,Chief Executives
52.0201,"Business Administration and Management, General",11-1011.03,Chief Sustainability Officers
52.0201,"Business Administration and Management, General",11-1021.00,General and Operations Managers
52.0201,"Business Administration and Management, General",11-2022.00,Sales Managers
52.0201,"Business Administration and Management, General",11-3012.00,Administrative Services Managers
52.0201,"Business Administration and Management, General",11-3013.00,Facilities Managers
52.0201,"Business Administration and Management, General",11-3013.01,Security Managers
52.0201,"Business Administration and Management, General",11-3051.00,Industrial Production Managers
52.0201,"Business Administration and Management, General",11-3051.01,Quality Control Systems Managers
52.0201,"Business Administration and Management, General",11-3051.02,Geothermal Production Managers
52.0201,"Business Administration and Management, General",11-3051.03,Biofuels Production Managers
52.0201,"Business Administration and Management, General",11-3051.04,Biomass Power Plant Managers
52.0201,"Business Administration and Management, General",11-3051.06,Hydroelectric Production Managers
52.0201,"Business Administration and Management, General",11-3071.00,"Transportation, Storage, and Distribution Managers"
52.0201,"Business Administration and Management, General",11-3071.04,Supply Chain Managers
52.0201,"Business Administration and Management, General",11-3111.00,Compensation and Benefits Managers
52.0201,"Business Administration and Management, General",11-3121.00,Human Resources Managers
52.0201,"Business Administration and Management, General",11-3131.00,Training and Development Managers
52.0201,"Business Administration and Management, General",11-9021.00,Construction Managers
52.0201,"Business Administration and Management, General",11-9072.00,"Entertainment and Recreation Managers, Except Gambling"
52.0201,"Business Administration and Management, General",11-9151.00,Social and Community Service Managers
52.0201,"Business Administration and Management, General",11-9179.00,"Personal Service Managers, All Other"
52.0201,"Business Administration and Management, General",11-9179.01,Fitness and Wellness Coordinators
52.0201,"Business Administration and Management, General",11-9179.02,Spa Managers
52.0201,"Business Administration and Management, General",11-9199.00,"Managers, All Other"
52.0201,"Business Administration and Management, General",11-9199.01,Regulatory Affairs Managers
52.0201,"Business Administration and Management, General",11-9199.02,Compliance Managers
52.0201,"Business Administration and Management, General",11-9199.08,Loss Prevention Managers
52.0201,"Business Administration and Management, General",11-9199.09,Wind Energy Operations Managers
52.0201,"Business Administration and Management, General",11-9199.10,Wind Energy Development Managers
52.0201,"Business Administration and Management, General",11-9199.11,Brownfield Redevelopment Specialists and Site Managers
52.0201,"Business Administration and Management, General",13-1051.00,Cost Estimators
52.0201,"Business Administration and Management, General",13-1071.00,Human Resources Specialists
52.0201,"Business Administration and Management, General",13-1081.00,Logisticians
52.0201,"Business Administration and Management, General",13-1081.01,Logistics Engineers
52.0201,"Business Administration and Management, General",13-1081.02,Logistics Analysts
52.0201,"Business Administration and Management, General",13-1082.00,Project Management Specialists
52.0201,"Business Administration and Management, General",13-1111.00,Management Analysts
52.0201,"Business Administration and Management, General",13-1141.00,"Compensation, Benefits, and Job Analysis Specialists"
52.0201,"Business Administration and Management, General",13-1199.00,"Business Operations Specialists, All Other"
52.0201,"Business Administration and Management, General",13-1199.04,Business Continuity Planners
52.0201,"Business Administration and Management, General",13-1199.05,Sustainability Specialists
52.0201,"Business Administration and Management, General",13-1199.06,Online Merchants
52.0201,"Business Administration and Management, General",13-1199.07,Security Management Specialists
52.0201,"Business Administration and Management, General",25-1011.00,"Business Teachers, Postsecondary"
52.0301,Accounting,13-2011.00,Accountants and Auditors
52.0301,Accounting,13-2022.00,Appraisers of Personal and Business Property
52.0301,Accounting,13-2031.00,Budget Analysts
52.0301,Accounting,13-2041.00,Credit Analysts
52.0301,Accounting,13-2054.00,Financial Risk Specialists
52.0301,Accounting,13-2061.00,Financial Examiners
52.0301,Accounting,13-2081.00,"Tax Examiners and Collectors, and Revenue Agents"
52.0301,Accounting,13-2082.00,Tax Preparers
52.0301,Accounting,25-1011.00,"Business Teachers, Postsecondary"
52.0701,Entrepreneurship/Entrepreneurial Studies,11-1011.00,Chief Executives
52.0701,Entrepreneurship/Entrepreneurial Studies,11-1011.03,Chief Sustainability Officers
52.0701,Entrepreneurship/Entrepreneurial Studies,11-1021.00,General and Operations Managers
52.0701,Entrepreneurship/Entrepreneurial Studies,11-9199.00,"Managers, All Other"
52.0701,Entrepreneurship/Entrepreneurial Studies,11-9199.01,Regulatory Affairs Managers
52.0701,Entrepreneurship/Entrepreneurial Studies,11-9199.02,Compliance Managers
52.0701,Entrepreneurship/Entrepreneurial Studies,11-9199.08,Loss Prevention Managers
52.0701,Entrepreneurship/Entrepreneurial Studies,11-9199.09,Wind Energy Operations Managers
52.0701,Entrepreneurship/Entrepreneurial Studies,11-9199.10,Wind Energy Development Managers
52.0701,Entrepreneurship/Entrepreneurial Studies,11-9199.11,Brownfield Redevelopment Specialists and Site Managers
52.0701,Entrepreneurship/Entrepreneurial Studies,25-1011.00,"Business Teachers, Postsecondary"
52.0801,"Finance, General",11-1011.00,Chief Executives
52.0801,"Finance, General",11-1011.03,Chief Sustainability Officers
52.0801,"Finance, General",11-1021.00,General and Operations Managers
52.0801,"Finance, General",11-3031.00,Financial Managers
52.0801,"Finance, General",11-3031.01,Treasurers and Controllers
52.0801,"Finance, General",11-3031.03,Investment Fund Managers
52.0801,"Finance, General",13-1141.00,"Compensation, Benefits, and Job Analysis Specialists"
52.0801,"Finance, General",13-2022.00,Appraisers of Personal and Business Property
52.0801,"Finance, General",13-2031.00,Budget Analysts
52.0801,"Finance, General",13-2041.00,Credit Analysts
52.0801,"Finance, General",13-2051.00,Financial and Investment Analysts
52.0801,"Finance, General",13-2052.00,Personal Financial Advisors
52.0801,"Finance, General",13-2054.00,Financial Risk Specialists
52.0801,"Finance, General",13-2072.00,Loan Officers
52.0801,"Finance, General",13-2099.00,"Financial Specialists, All Other"
52.0801,"Finance, General",13-2099.01,Financial Quantitative Analysts
52.0801,"Finance, General",13-2099.04,"Fraud Examiners, Investigators and Analysts"
52.0801,"Finance, General",25-1011.00,"Business Teachers, Postsecondary"
52.1001,"Human Resources Management/Personnel Administration, General",11-3111.00,Compensation and Benefits Managers
52.1001,"Human Resources Management/Personnel Administration, General",11-3121.00,Human Resources Managers
52.1001,"Human Resources Management/Personnel Administration, General",11-3131.00,Training and Development Managers
52.1001,"Human Resources Management/Personnel Administration, General",13-1041.00,Compliance Officers
52.1001,"Human Resources Management/Personnel Administration, General",13-1041.01,Environmental Compliance Inspectors
52.1001,"Human Resources Management/Personnel Administration, General",13-1041.03,Equal Opportunity Representatives and Officers
52.1001,"Human Resources Management/Personnel Administration, General",13-1041.04,Government Property Inspectors and Investigators
52.1001,"Human Resources Management/Personnel Administration, General",13-1041.06,Coroners
52.1001,"Human Resources Management/Personnel Administration, General",13-1041.07,Regulatory Affairs Specialists
52.1001,"Human Resources Management/Personnel Administration, General",13-1041.08,Customs Brokers
52.1001,"Human Resources Management/Personnel Administration, General",13-1071.00,Human Resources Specialists
52.1001,"Human Resources Management/Personnel Administration, General",13-1075.00,Labor Relations Specialists
52.1001,"Human Resources Management/Personnel Administration, General",13-1141.00,"Compensation, Benefits, and Job Analysis Specialists"
52.1001,"Human Resources Management/Personnel Administration, General",13-1151.00,Training and Development Specialists
52.1001,"Human Resources Management/Personnel Administration, General",25-1011.00,"Business Teachers, Postsecondary"
52.1001,"Human Resources Management/Personnel Administration, General",43-4161.00,"Human Resources Assistants, Except Payroll and Timekeeping"
52.1101,International Business/Trade/Commerce,11-1011.00,Chief Executives
52.1101,International Business/Trade/Commerce,11-1011.03,Chief Sustainability Officers
52.1101,International Business/Trade/Commerce,11-1021.00,General and Operations Managers
52.1101,International Business/Trade/Commerce,13-1199.00,"Business Operations Specialists, All Other"
52.1101,International Business/Trade/Commerce,13-1199.04,Business Continuity Planners
52.1101,International Business/Trade/Commerce,13-1199.05,Sustainability Specialists
52.1101,International Business/Trade/Commerce,13-1199.06,Online Merchants
52.1101,International Business/Trade/Commerce,13-1199.07,Security Management Specialists
52.1101,International Business/Trade/Commerce,25-1011.00,"Business Teachers, Postsecondary"
52.1201,"Management Information Systems, General",11-3021.00,Computer and Information Systems Managers
52.1201,"Management Information Systems, General",15-1243.00,Database Architects
52.1201,"Management Information Systems, General",15-1243.01,Data Warehousing Specialists
52.1201,"Management Information Systems, General",15-1251.00,Computer Programmers
52.1201,"Management Information Systems, General",25-1021.00,"Computer Science Teachers, Postsecondary"
52.1401,"Marketing/Marketing Management, General",11-2011.00,Advertising and Promotions Managers
52.1401,"Marketing/Marketing Management, General",11-2021.00,Marketing Managers
52.1401,"Marketing/Marketing Management, General",11-2022.00,Sales Managers
52.1401,"Marketing/Marketing Management, General",11-2033.00,Fundraising Managers
52.1401,"Marketing/Marketing Management, General",13-1131.00,Fundraisers
52.1401,"Marketing/Marketing Management, General",13-1161.00,Market Research Analysts and Marketing Specialists
52.1401,"Marketing/Marketing Management, General",13-1161.01,Search Marketing Strategists
52.1401,"Marketing/Marketing Management, General",25-1011.00,"Business Teachers, Postsecondary"
52.1801,"Sales, Distribution, and Marketing Operations, General",13-1022.00,"Wholesale and Retail Buyers, Except Farm Products"
52.1801,"Sales, Distribution, and Marketing Operations, General",13-1023.00,"Purchasing Agents, Except Wholesale, Retail, and Farm Products"
52.1801,"Sales, Distribution, and Marketing Operations, General",25-1011.00,"Business Teachers, Postsecondary"
52.1801,"Sales, Distribution, and Marketing Operations, General",41-4012.00,"Sales Representatives, Wholesale and Manufacturing, Except Technical and Scientific Products"
54.0101,"History, General",11-9199.00,"Managers, All Other"
54.0101,"History, General",11-9199.01,Regulatory Affairs Managers
54.0101,"History, General",11-9199.02,Compliance Managers
54.0101,"History, General",11-9199.09,Wind Energy Operations Managers
54.0101,"History, General",11-9199.10,Wind Energy Development Managers
54.0101,"History, General",11-9199.11,Brownfield Redevelopment Specialists and Site Managers
54.0101,"History, General",19-3093.00,Historians
54.0101,"History, General",25-1125.00,"History Teachers, Postsecondary"
54.0101,"History, General",25-2031.00,"Secondary School Teachers, Except Special and Career/Technical Education"
54.0101,"History, General",39-7011.00,Tour Guides and Escorts
